episode,episode_return,episode_steps,epsilon,loss,buffer_size,delivered,dropped,energy,depletion_events
0,-113.11799999999997,34,0.99791,0.0,34,24,4,8.017999999999873,8
1,-48.034000000000056,33,0.99582,0.0,67,25,1,8.033999999999907,8
2,-23.58900000000007,34,0.9936666666666667,0.0,101,26,0,7.988999999999873,8
3,-3.009999999999934,35,0.99145,0.0,136,27,0,8.009999999999886,8
4,-63.024,34,0.9892966666666667,0.0,170,26,3,8.023999999999866,8
5,-93.03399999999993,33,0.9872066666666667,0.0,203,24,3,8.033999999999919,8
6,-89.113,35,0.98499,0.0,238,25,3,8.012999999999874,8
7,42.01499999999996,38,0.9825833333333334,0.0,276,30,0,7.984999999999874,8
8,-2.911000000000058,36,0.9803033333333333,0.0,312,28,1,7.91099999999987,8
9,-18.021000000000086,36,0.9780233333333334,0.0,348,28,2,8.02099999999987,8
10,12.042000000000058,36,0.9757433333333333,0.0,384,28,0,7.9579999999998865,8
11,-18.006,34,0.97359,0.0,418,26,0,8.005999999999872,8
12,-78.0279999999999,32,0.9715633333333333,0.0,450,24,2,8.027999999999874,8
13,26.97700000000006,37,0.96922,0.0,487,29,0,8.022999999999891,8
14,-78.019,30,0.96732,0.0,517,22,0,8.01899999999988,8
15,-18.012000000000043,34,0.9651666666666666,0.0,551,26,0,8.011999999999869,8
16,-24.412999999999947,36,0.9628866666666667,0.0,587,28,2,8.012999999999957,8
17,26.974000000000096,38,0.96048,0.0,625,30,1,8.025999999999867,8
18,11.969000000000143,36,0.9582,0.0,661,28,0,8.030999999999871,8
19,-33.006,33,0.95611,0.0,694,25,0,8.005999999999897,8
20,-17.992999999999995,34,0.9539566666666667,0.0,728,26,0,7.99299999999987,8
21,-108.01700000000002,31,0.9519933333333334,0.0,759,23,3,8.016999999999873,8
22,-63.013999999999996,32,0.9499666666666666,0.0,791,24,1,8.01399999999989,8
23,-108.02300000000002,30,0.9480666666666666,0.0,821,22,2,8.022999999999877,8
24,-68.27700000000016,32,0.94604,0.0,853,24,1,7.976999999999878,8
25,-17.96700000000017,34,0.9438866666666667,0.0,887,26,0,7.9669999999998815,8
26,-128.22200000000004,32,0.94186,0.0,919,23,4,8.021999999999872,8
27,-63.023000000000025,32,0.9398333333333333,0.0,951,24,1,8.022999999999868,8
28,-30.409000000000106,37,0.93749,0.0,988,28,2,8.008999999999874,8
29,11.976000000000042,36,0.93521,1.763731564794268,1024,28,0,8.023999999999935,8
30,-3.0169999999999675,35,0.9329933333333333,1.6294235065579414,1059,27,0,8.016999999999904,8
31,-63.02300000000008,33,0.9309033333333333,1.5811250805854797,1092,25,2,8.022999999999868,8
32,-17.974000000000046,34,0.92875,1.5579289719462395,1126,26,0,7.973999999999918,8
33,-3.0100000000000193,35,0.9265333333333333,1.3931243088510301,1161,27,0,8.009999999999868,8
34,-78.01000000000002,30,0.9246333333333333,1.5386274712426322,1191,22,0,8.00999999999987,8
35,-33.031999999999925,33,0.9225433333333334,1.5030868185891046,1224,25,0,8.031999999999874,8
36,-17.97800000000001,34,0.92039,1.5419493541121483,1258,26,0,7.977999999999875,8
37,-38.72,36,0.91811,1.546462184853024,1294,27,2,8.019999999999873,8
38,-32.975000000000044,33,0.9160200000000001,1.4466679617762566,1327,25,0,7.974999999999863,8
39,11.95200000000002,37,0.9136766666666667,1.3402470767498016,1364,29,1,8.047999999999929,8
40,-47.80100000000004,36,0.9113966666666666,1.096167763074239,1400,27,3,7.8009999999998785,8
41,-53.22200000000002,35,0.90918,1.1900379806756973,1435,27,3,8.021999999999895,8
42,-108.01500000000007,33,0.90709,1.66003065639072,1468,24,4,8.01499999999985,8
43,-18.038999999999987,35,0.9048733333333333,1.4899461567401886,1503,27,1,8.038999999999872,8
44,26.98700000000003,37,0.90253,1.492160576581955,1540,29,0,8.01299999999987,8
45,-2.9899999999999807,35,0.9003133333333333,1.6628960967063904,1575,27,0,7.989999999999865,8
46,-77.98599999999999,32,0.8982866666666667,1.1773021519184113,1607,24,2,7.985999999999914,8
47,-18.034999999999883,36,0.8960066666666666,1.529404468006558,1643,27,1,8.034999999999906,8
48,26.98400000000001,37,0.8936633333333334,1.0075027972459794,1680,29,0,8.015999999999883,8
49,-3.0179999999999296,35,0.8914466666666667,1.2130632624030113,1715,27,0,8.017999999999883,8
50,-78.00699999999998,32,0.88942,1.373482346534729,1747,24,2,8.006999999999884,8
51,-62.964000000000006,35,0.8872033333333333,1.1143953998883565,1782,25,2,7.963999999999894,8
52,-48.003000000000014,33,0.8851133333333333,1.01561488956213,1815,25,1,8.002999999999872,8
53,-33.019000000000055,35,0.8828966666666667,1.1685482793384128,1850,26,1,8.018999999999911,8
54,-33.02200000000002,34,0.8807433333333333,1.403376771344079,1884,26,1,8.02199999999987,8
55,-17.984000000000066,34,0.87859,1.2391186207532883,1918,26,0,7.983999999999883,8
56,11.99199999999999,36,0.87631,1.327512436442905,1954,28,0,8.007999999999889,8
57,-63.021000000000036,33,0.87422,1.0380359515547752,1987,25,2,8.020999999999868,8
58,-17.964000000000055,38,0.8718133333333333,1.2346111476421355,2025,28,2,7.963999999999874,8
59,12.008999999999958,36,0.8695333333333333,1.6013558838102553,2061,28,0,7.990999999999873,8
60,-78.01700000000002,33,0.8674433333333333,1.3199156895279884,2094,25,3,8.016999999999873,8
61,-88.72100000000003,31,0.86548,1.2098024040460587,2125,23,1,8.020999999999875,8
62,11.998000000000125,36,0.8632,1.4129927158355713,2161,28,0,8.001999999999883,8
63,-30.726000000000063,34,0.8610466666666667,1.4892773777246475,2195,26,0,8.025999999999875,8
64,-33.027000000000115,34,0.8588933333333333,1.0100843111673992,2229,26,1,8.026999999999875,8
65,-3.011999999999972,35,0.8566766666666666,1.1063589983516269,2264,27,0,8.011999999999869,8
66,-63.01500000000005,33,0.8545866666666667,1.0353200361132622,2297,25,2,8.014999999999874,8
67,-78.02600000000007,36,0.8523066666666667,1.292765862411923,2333,27,5,8.025999999999874,8
68,6.928999999999917,36,0.8500266666666667,1.0919486284255981,2369,28,0,7.970999999999874,8
69,-33.001000000000076,33,0.8479366666666667,1.1739879623055458,2402,25,0,8.000999999999898,8
70,-53.679,36,0.8456566666666667,1.351188944445716,2438,26,2,7.978999999999875,8
71,-3.0180000000000575,36,0.8433766666666667,1.335324439737532,2474,28,1,8.017999999999873,8
72,-3.019999999999989,35,0.84116,1.1862515343560114,2509,27,0,8.019999999999882,8
73,11.967000000000041,36,0.8388800000000001,1.1183201405737135,2545,28,0,8.032999999999873,8
74,11.994999999999948,39,0.83641,1.33447522521019,2584,30,2,8.004999999999864,8
75,-123.02300000000005,31,0.8344466666666667,1.2224374158041817,2615,23,4,8.022999999999865,8
76,-33.008000000000024,34,0.8322933333333333,0.9210979110664792,2649,26,1,8.007999999999884,8
77,-48.02000000000001,33,0.8302033333333334,1.206931047141552,2682,25,1,8.019999999999873,8
78,-48.03000000000003,32,0.8281766666666667,1.2063508704304695,2714,24,0,8.029999999999879,8
79,-33.01200000000004,33,0.8260866666666666,0.890334777534008,2747,25,0,8.011999999999874,8
80,-3.0169999999999675,35,0.82387,1.035807877779007,2782,27,0,8.016999999999877,8
81,-3.033999999999992,35,0.8216533333333333,0.9869176513618894,2817,27,0,8.033999999999853,8
82,12.021999999999963,36,0.8193733333333333,1.073801146613227,2853,28,0,7.9779999999998745,8
83,-98.18300000000005,30,0.8174733333333334,0.9230332459722247,2883,22,1,7.982999999999873,8
84,-38.08200000000005,35,0.8152566666666666,1.1199772987100813,2918,27,2,7.981999999999874,8
85,-63.03200000000004,32,0.81323,1.0398391857743263,2950,24,1,8.031999999999872,8
86,-33.017000000000024,33,0.81114,0.9083209410309792,2983,25,0,8.016999999999875,8
87,-33.00600000000006,33,0.80905,1.1190191209316254,3016,25,0,8.005999999999887,8
88,-3.0359999999999374,35,0.8068333333333333,1.3616586178541183,3051,27,0,8.035999999999923,8
89,-78.02600000000012,30,0.8049333333333333,1.1883874833583832,3081,22,0,8.025999999999874,8
90,-3.0169999999999675,36,0.8026533333333333,1.080751121044159,3117,28,1,8.016999999999904,8
91,-33.00700000000006,34,0.8005,0.7016945704817772,3151,26,1,8.006999999999874,8
92,-113.22400000000003,32,0.7984733333333334,1.1220311932265759,3183,23,3,8.023999999999873,8
93,-2.995999999999981,35,0.7962566666666666,1.2501283751593695,3218,27,0,7.995999999999896,8
94,-92.98199999999997,30,0.7943566666666667,0.94277373701334,3248,22,1,7.981999999999874,8
95,-78.01399999999998,31,0.7923933333333333,1.145131196294512,3279,23,1,8.013999999999895,8
96,26.97999999999999,37,0.79005,1.0606498032808305,3316,29,0,8.019999999999872,8
97,-48.02000000000007,34,0.7878966666666667,1.2737962901592255,3350,26,2,8.019999999999873,8
98,-3.0150000000000716,35,0.78568,0.7097051541010538,3385,27,0,8.01499999999988,8
99,27.072999999999958,37,0.7833366666666667,0.9477823542224036,3422,29,0,7.926999999999869,8
100,-93.01400000000008,33,0.7812466666666666,0.9145853444933891,3455,25,4,8.013999999999866,8
101,-33.01100000000008,34,0.7790933333333333,1.0309744146135118,3489,26,1,8.010999999999866,8
102,-78.03700000000002,31,0.77713,0.9129455797374249,3520,23,1,8.03699999999988,8
103,-32.926000000000066,33,0.77504,0.963867574930191,3553,25,0,7.925999999999879,8
104,57.01199999999987,39,0.77257,0.9971902698278428,3592,31,0,7.987999999999875,8
105,-47.89200000000005,32,0.7705433333333334,0.9823409989476204,3624,24,0,7.891999999999876,8
106,-3.0039999999999907,35,0.7683266666666666,1.1012869998812675,3659,27,0,8.003999999999877,8
107,-18.016000000000048,34,0.7661733333333334,0.8950077692667643,3693,26,0,8.015999999999872,8
108,-3.0220000000000056,37,0.76383,1.1865506569544475,3730,29,2,8.021999999999867,8
109,11.981999999999942,36,0.76155,1.056927329964108,3766,28,0,8.01799999999992,8
110,26.98699999999998,37,0.7592066666666667,0.9970837798383501,3803,29,0,8.012999999999874,8
111,12.023000000000025,36,0.7569266666666666,0.7072792881064944,3839,28,0,7.976999999999887,8
112,-62.922,32,0.7549,0.8630280196666718,3871,24,1,7.921999999999888,8
113,-77.98999999999997,35,0.7526833333333334,1.0701610181066725,3906,27,5,7.9899999999998474,8
114,-93.00200000000001,30,0.7507833333333334,0.9521264582872391,3936,22,1,8.001999999999871,8
115,-3.0059999999999434,35,0.7485666666666666,1.0820841640233994,3971,27,0,8.0059999999999,8
116,-18.02600000000004,34,0.7464133333333334,1.105240719185935,4005,26,0,8.025999999999884,8
117,-123.01000000000002,31,0.7444500000000001,1.1350733619183302,4036,22,3,8.009999999999872,8
118,27.027000000000044,37,0.7421066666666667,1.3211874100897048,4073,29,0,7.972999999999883,8
119,-18.01600000000002,34,0.7399533333333334,1.06883405148983,4107,26,0,8.015999999999877,8
120,46.767999999999944,39,0.7374833333333334,1.1301139414310455,4146,31,0,8.03199999999986,8
121,-218.07100000000003,29,0.7356466666666667,1.1700848170689173,4175,21,8,7.970999999999875,8
122,11.973000000000013,36,0.7333666666666667,1.2167196306917403,4211,28,0,8.026999999999873,8
123,26.988999999999997,37,0.7310233333333334,1.03973481208086,4248,29,0,8.010999999999871,8
124,-33.000999999999976,34,0.72887,0.8922298811376095,4282,26,1,8.000999999999868,8
125,-33.00900000000007,33,0.72678,0.9136115983128548,4315,25,0,8.008999999999876,8
126,-17.99599999999998,35,0.7245633333333333,0.7404789593484666,4350,27,1,7.995999999999869,8
127,-63.025000000000006,32,0.7225366666666667,0.9532797709107399,4382,24,1,8.02499999999989,8
128,-47.98300000000012,33,0.7204466666666667,0.8689693063497543,4415,25,1,7.98299999999987,8
129,26.982999999999876,37,0.7181033333333333,0.9040026545524598,4452,29,0,8.016999999999879,8
130,-32.96400000000003,33,0.7160133333333334,0.8238245025277138,4485,25,0,7.9639999999998885,8
131,-38.227000000000004,35,0.7137966666666666,0.7066574560271369,4520,26,1,8.026999999999871,8
132,-33.00999999999999,34,0.7116433333333334,1.0478361286222935,4554,26,1,8.0099999999999,8
133,116.97100000000003,43,0.70892,1.0031923922625454,4597,35,0,8.028999999999892,8
134,-53.998999999999995,33,0.7068300000000001,0.9370079413056374,4630,25,1,7.9989999999998735,8
135,11.978000000000009,36,0.70455,1.0513135658370123,4666,28,0,8.021999999999885,8
136,-3.0050000000000523,37,0.7022066666666666,0.8836670882172055,4703,28,1,8.004999999999896,8
137,-63.00599999999997,34,0.7000533333333334,0.8802096313900418,4737,25,2,8.00599999999986,8
138,-33.03600000000006,33,0.6979633333333333,0.74104805290699,4770,25,0,8.035999999999868,8
139,11.981999999999971,37,0.69562,0.7737682196829054,4807,29,1,8.017999999999875,8
140,-18.020999999999958,35,0.6934033333333334,0.8287411000993516,4842,27,1,8.020999999999875,8
141,-78.00599999999997,33,0.6913133333333333,0.7845633774995804,4875,25,3,8.005999999999872,8
142,26.972000000000023,37,0.68897,0.7685608178377151,4912,29,0,8.02799999999987,8
143,41.99000000000004,38,0.6865633333333333,0.9247740772035387,4950,30,0,8.009999999999891,8
144,-33.02000000000004,35,0.6843466666666667,0.813224216302236,4985,27,2,8.019999999999865,8
145,11.97499999999988,36,0.6820666666666666,1.2185358670022752,5021,28,0,8.024999999999888,8
146,-93.00500000000008,32,0.68004,0.8670055419206619,5053,24,3,8.004999999999885,8
147,-33.02499999999998,33,0.67795,0.9738481193780899,5086,25,0,8.024999999999885,8
148,11.981000000000016,36,0.67567,0.9603955811924405,5122,28,0,8.018999999999869,8
149,-138.01599999999996,32,0.6736433333333334,1.049557276070118,5154,23,5,8.015999999999865,8
150,-93.00299999999999,29,0.6718066666666667,0.9047849816935403,5183,21,0,8.002999999999897,8
151,-48.00500000000006,33,0.6697166666666667,1.0050565136803522,5216,25,1,8.00499999999989,8
152,11.979000000000013,36,0.6674366666666667,1.0259089668591816,5252,28,0,8.02099999999989,8
153,-18.00299999999998,36,0.6651566666666666,0.981842577457428,5288,27,1,8.002999999999874,8
154,-48.01800000000005,32,0.66313,0.8149016723036766,5320,24,0,8.017999999999875,8
155,26.968000000000075,37,0.6607866666666666,1.0850267708301544,5357,29,0,8.03199999999987,8
156,-48.02400000000003,32,0.65876,0.8118706345558167,5389,24,0,8.023999999999877,8
157,-104.11399999999998,34,0.6566066666666667,0.7895077392458916,5423,25,4,8.013999999999873,8
158,-48.0330000000001,35,0.65439,1.0240671237309773,5458,27,3,8.032999999999847,8
159,11.970000000000056,37,0.6520466666666667,0.7667755352126228,5495,29,1,8.029999999999868,8
160,-33.02800000000008,33,0.6499566666666667,0.8284831643104553,5528,25,0,8.02799999999987,8
161,-93.024,34,0.6478033333333333,0.8492918312549591,5562,26,5,8.023999999999868,8
162,27.04400000000001,37,0.64546,0.6822291546397738,5599,29,0,7.955999999999877,8
163,-3.0349999999999966,36,0.6431800000000001,0.941972898112403,5635,28,1,8.034999999999865,8
164,-62.956999999999965,33,0.6410899999999999,0.754296514723036,5668,25,2,7.956999999999866,8
165,-78.00600000000009,32,0.6390633333333333,0.7771146297454834,5700,24,2,8.005999999999872,8
166,-62.98000000000003,33,0.6369733333333334,0.8191625215113163,5733,25,2,7.979999999999904,8
167,-63.00799999999995,34,0.6348199999999999,0.5735124349594116,5767,26,3,8.007999999999875,8
168,11.965000000000117,36,0.6325400000000001,0.6741227391693327,5803,28,0,8.034999999999908,8
169,-63.01600000000002,32,0.6305133333333333,0.8372828662395477,5835,24,1,8.015999999999872,8
170,-2.9880000000000564,35,0.6282966666666667,0.7543729013866849,5870,27,0,7.987999999999887,8
171,-92.99399999999997,30,0.6263966666666667,0.7272274382412434,5900,22,1,7.993999999999863,8
172,6.785000000000025,36,0.6241166666666667,0.7653567492961884,5936,28,0,8.014999999999874,8
173,-23.340999999999923,36,0.6218366666666666,0.6558222671349844,5972,28,2,8.040999999999872,8
174,-48.001999999999924,33,0.6197466666666667,0.7544515486806631,6005,25,1,8.00199999999989,8
175,-47.940000000000026,33,0.6176566666666667,1.0352990105748177,6038,25,1,7.939999999999872,8
176,-93.02299999999991,35,0.61544,0.8304690784878201,6073,25,4,8.022999999999872,8
177,-47.97100000000003,33,0.6133500000000001,1.0391477942466736,6106,25,1,7.970999999999959,8
178,-3.005999999999986,35,0.6111333333333333,0.7812638382116953,6141,27,0,8.00599999999987,8
179,-83.12,32,0.6091066666666667,0.7977407798171043,6173,24,2,8.019999999999857,8
180,-63.034,38,0.6067,0.7237760954433017,6211,30,7,8.033999999999873,8
181,-48.021000000000015,33,0.60461,0.6773876746495565,6244,25,1,8.020999999999875,8
182,-18.019000000000005,34,0.6024566666666666,0.9809376448392868,6278,26,0,8.018999999999874,8
183,-122.97200000000004,31,0.6004933333333333,0.8214846663177013,6309,23,4,7.971999999999877,8
184,-33.00300000000007,34,0.59834,0.8771149404346943,6343,26,1,8.002999999999863,8
185,-3.024000000000072,35,0.5961233333333333,0.890617827574412,6378,27,0,8.023999999999871,8
186,-9.22499999999998,35,0.5939066666666667,0.8467863731914096,6413,27,0,8.024999999999874,8
187,-32.93700000000001,34,0.5917533333333334,0.8132417239248753,6447,26,1,7.936999999999899,8
188,-84.20800000000003,32,0.5897266666666667,0.8256719782948494,6479,24,2,8.007999999999853,8
189,-18.00300000000003,34,0.5875733333333334,0.8503247797489166,6513,26,0,8.002999999999922,8
190,-3.014999999999958,35,0.5853566666666667,0.9316854013337029,6548,27,0,8.01499999999987,8
191,-63.03000000000003,32,0.58333,0.7182905487716198,6580,24,1,8.029999999999871,8
192,-18.03,34,0.5811766666666667,0.5273811370134354,6614,26,0,8.029999999999873,8
193,-62.99000000000004,32,0.57915,0.8163567408919334,6646,24,1,7.9899999999998705,8
194,-48.01500000000006,32,0.5771233333333334,0.8071958385407925,6678,24,0,8.014999999999898,8
195,-3.0239999999999867,36,0.5748433333333334,0.7575098276138306,6714,28,1,8.023999999999875,8
196,-3.0349999999999113,35,0.5726266666666666,0.7165832850668166,6749,27,0,8.034999999999892,8
197,-44.43299999999999,35,0.5704100000000001,0.6587705380386777,6784,27,2,8.032999999999872,8
198,-77.99599999999998,30,0.5685100000000001,0.9160673873765128,6814,22,0,7.995999999999886,8
199,-48.034999999999975,34,0.5663566666666666,0.850521186987559,6848,26,2,8.034999999999878,8
200,-2.9680000000000177,35,0.5641400000000001,0.6988975033164024,6883,27,0,7.967999999999875,8
201,-33.01800000000003,34,0.5619866666666666,0.7398766924937566,6917,26,1,8.017999999999882,8
202,-2.995999999999981,36,0.5597066666666667,0.7064717411994934,6953,28,1,7.995999999999863,8
203,-62.99799999999998,31,0.5577433333333333,0.6301355771720409,6984,23,0,7.997999999999935,8
204,-3.015000000000043,35,0.5555266666666667,0.9959102645516396,7019,27,0,8.01499999999987,8
205,-123.03399999999999,34,0.5533733333333333,0.9792005022366842,7053,25,6,8.03399999999988,8
206,11.978000000000009,36,0.5510933333333333,0.6381827692190806,7089,28,0,8.021999999999874,8
207,-58.00900000000007,39,0.5486233333333334,0.8184165626764297,7128,29,4,8.008999999999874,8
208,-8.918000000000063,39,0.5461533333333333,0.8031976686583625,7167,29,2,8.017999999999875,8
209,-93.02499999999995,36,0.5438733333333333,0.6207167340649499,7203,26,5,8.024999999999864,8
210,-3.0280000000000484,35,0.5416566666666667,0.7010280556148953,7238,27,0,8.027999999999873,8
211,-63.00700000000003,32,0.53963,0.7693629562854767,7270,24,1,8.006999999999856,8
212,12.108999999999966,36,0.53735,0.6929674843947092,7306,28,0,7.8909999999998774,8
213,-33.02599999999998,33,0.5352600000000001,0.6032700166106224,7339,25,0,8.025999999999875,8
214,41.982,38,0.5328533333333334,0.806270757317543,7377,30,0,8.017999999999871,8
215,-17.97300000000004,37,0.53051,0.7810535033543905,7414,29,3,7.972999999999867,8
216,-47.97300000000002,32,0.5284833333333334,0.7068276330828667,7446,24,0,7.972999999999876,8
217,-122.96500000000003,32,0.5264566666666667,0.5345946289598942,7478,23,4,7.9649999999998595,8
218,-32.97000000000004,33,0.5243666666666666,0.6386855263262987,7511,25,0,7.969999999999879,8
219,-48.03200000000007,38,0.52196,0.7254746377468109,7549,29,5,8.03199999999987,8
220,-62.884,32,0.5199333333333334,0.6062212102115154,7581,24,1,7.883999999999874,8
221,26.98499999999997,38,0.5175266666666667,0.6881440977255503,7619,30,1,8.014999999999871,8
222,-83.83299999999997,33,0.5154366666666668,0.7281519406371646,7652,24,2,8.032999999999873,8
223,-78.01499999999999,31,0.5134733333333333,0.6454450147492545,7683,23,1,8.014999999999896,8
224,-33.01100000000002,35,0.5112566666666667,0.7593221631315019,7718,27,2,8.010999999999852,8
225,-17.988,36,0.5089766666666666,0.7257995108763377,7754,27,1,7.987999999999868,8
226,-63.027000000000015,31,0.5070133333333333,0.6208355389535427,7785,23,0,8.026999999999894,8
227,-68.40700000000001,32,0.5049866666666667,0.5560895465314388,7817,24,1,8.006999999999874,8
228,-3.0109999999999104,35,0.50277,0.5872241722212898,7852,27,0,8.010999999999871,8
229,-38.215,34,0.5006166666666667,0.7574573084712029,7886,26,1,8.014999999999874,8
230,-63.025000000000034,32,0.49859,0.6336106099188328,7918,24,1,8.02499999999989,8
231,-33.01500000000004,35,0.49637333333333333,0.7117619547579024,7953,27,2,8.014999999999887,8
232,-62.99500000000002,35,0.4941566666666667,0.5369756917158762,7988,26,3,7.994999999999871,8
233,-93.00900000000004,32,0.49213000000000007,0.9183025993406773,8020,24,3,8.00899999999987,8
234,-48.01099999999994,33,0.4900399999999999,0.9040277749300003,8053,25,1,8.010999999999878,8
235,-32.98400000000004,33,0.48795,0.7575263157486916,8086,25,0,7.983999999999872,8
236,-63.02100000000001,33,0.48585999999999996,0.7117840722203255,8119,24,1,8.020999999999875,8
237,-48.00200000000001,33,0.48377000000000003,0.5262200699912177,8152,25,1,8.00199999999986,8
238,-123.03900000000002,33,0.48168,0.6048067025840282,8185,24,5,8.038999999999866,8
239,11.991000000000014,36,0.47939999999999994,0.6419110265043046,8221,28,0,8.008999999999887,8
240,-18.02200000000009,34,0.4772466666666667,0.7466055080294609,8255,26,0,8.021999999999874,8
241,-23.115000000000023,34,0.47509333333333337,0.581825057665507,8289,26,0,8.014999999999873,8
242,-83.33200000000011,31,0.47313000000000005,0.646308183670044,8320,23,1,8.031999999999872,8
243,-68.30599999999997,31,0.47116666666666673,0.6903928305421557,8351,23,0,8.005999999999903,8
244,-53.94300000000005,33,0.4690766666666667,0.5471323960357242,8384,25,1,7.942999999999872,8
245,41.99700000000007,38,0.46667000000000003,0.6541522741317749,8422,30,0,8.002999999999922,8
246,-78.02600000000001,31,0.4647066666666667,0.7791391760110855,8453,23,1,8.025999999999863,8
247,-33.03200000000004,34,0.46255333333333337,0.7651786617934704,8487,26,1,8.031999999999877,8
248,-48.010000000000005,33,0.46046333333333345,0.5504131846957736,8520,25,1,8.00999999999987,8
249,-18.001000000000005,35,0.4582466666666667,0.6991683319211006,8555,27,1,8.00099999999987,8
250,-89.02699999999993,31,0.4562833333333334,0.6610511653125286,8586,23,1,8.026999999999873,8
251,41.994999999999905,40,0.4537500000000001,0.6686583399772644,8626,32,2,8.00499999999986,8
252,11.974000000000018,36,0.45147000000000004,0.698265963130527,8662,28,0,8.025999999999888,8
253,-68.83099999999993,33,0.44938,0.6769555620849133,8695,25,2,8.030999999999878,8
254,12.00299999999995,36,0.44710000000000005,0.6078864369127486,8731,28,0,7.996999999999871,8
255,-48.019000000000034,33,0.44501,0.5214523904853396,8764,25,1,8.018999999999865,8
256,-2.9319999999999595,35,0.44279333333333337,0.8678527064621449,8799,27,0,7.931999999999874,8
257,-53.420999999999964,33,0.44070333333333334,0.702986886103948,8832,25,1,8.02099999999991,8
258,-167.98800000000003,31,0.43874,0.5588218399456569,8863,23,7,7.987999999999861,8
259,26.986000000000004,38,0.43633333333333335,0.5002329528331757,8901,30,1,8.013999999999882,8
260,-48.018000000000086,33,0.4342433333333333,0.6630773060023785,8934,25,1,8.01799999999987,8
261,26.979000000000127,37,0.43190000000000006,0.6056139800283644,8971,29,0,8.020999999999889,8
262,-53.549999999999955,34,0.4297466666666667,0.6339570747481452,9005,26,2,7.949999999999874,8
263,-3.0330000000000155,35,0.42752999999999997,0.9952156808641222,9040,27,0,8.03299999999989,8
264,-93.01400000000001,33,0.42544000000000004,0.9904556572437286,9073,25,4,8.013999999999873,8
265,11.995999999999981,36,0.4231600000000001,0.6716653969552782,9109,28,0,8.003999999999866,8
266,-3.026000000000053,36,0.42088000000000003,0.7673174209064908,9145,28,1,8.025999999999895,8
267,-63.024999999999935,32,0.4188533333333333,0.7551905736327171,9177,24,1,8.024999999999936,8
268,-3.033999999999949,36,0.41657333333333335,0.849441816409429,9213,28,1,8.033999999999901,8
269,-23.622000000000043,35,0.4143566666666666,0.6724259323543973,9248,27,1,8.021999999999865,8
270,57.041000000000004,39,0.41188666666666673,0.6679156853093041,9287,31,0,7.958999999999883,8
271,-48.035,34,0.4097333333333334,0.63696179456181,9321,26,2,8.03499999999987,8
272,-77.99299999999992,33,0.40764333333333336,0.6748741120100021,9354,25,3,7.992999999999866,8
273,41.95500000000001,38,0.4052366666666667,0.6474919945001603,9392,30,0,8.044999999999929,8
274,12.02699999999993,36,0.40295666666666674,0.590119911564721,9428,28,0,7.972999999999872,8
275,-17.980000000000018,34,0.4008033333333333,0.5580311454832554,9462,26,0,7.979999999999884,8
276,-62.98300000000006,34,0.39865000000000006,0.6950222386254205,9496,26,3,7.98299999999989,8
277,-47.98200000000003,32,0.3966233333333333,0.7302322871983051,9528,24,0,7.981999999999901,8
278,-63.01500000000007,34,0.3944700000000001,0.5729367546737194,9562,26,3,8.014999999999871,8
279,-33.01700000000011,33,0.39238000000000006,0.6078186929225922,9595,25,0,8.01699999999987,8
280,-47.988000000000014,35,0.3901633333333333,0.5783122215006087,9630,27,3,7.987999999999863,8
281,27.0209999999999,38,0.38775666666666675,0.6776381254196167,9668,30,1,7.97899999999988,8
282,-32.996000000000095,33,0.3856666666666667,0.7560475207865238,9701,25,0,7.995999999999878,8
283,-63.021000000000015,32,0.38364,0.6301585324108601,9733,24,1,8.020999999999875,8
284,-53.81500000000011,33,0.38155000000000006,0.5788711793720722,9766,25,1,8.014999999999874,8
285,-108.01500000000009,33,0.37946,0.5628537945449352,9799,25,5,8.014999999999871,8
286,12.05199999999995,36,0.37718000000000007,0.5590103103054894,9835,28,0,7.947999999999875,8
287,41.998999999999995,39,0.37471,0.5977341815829277,9874,31,1,8.000999999999863,8
288,-108.00899999999999,33,0.37262000000000006,0.5357718169689178,9907,25,5,8.008999999999874,8
289,-62.97999999999999,32,0.37059333333333344,0.6530102826654911,9939,24,1,7.97999999999991,8
290,-28.81800000000004,35,0.3683766666666667,0.6647735072506799,9974,27,1,8.017999999999875,8
291,12.005000000000123,36,0.36609666666666674,0.8228840761714511,10010,28,0,7.994999999999963,8
292,-3.0200000000000955,37,0.3637533333333334,0.8431678613026937,10047,29,2,8.019999999999875,8
293,-3.015000000000043,35,0.3615366666666666,0.6699795458051894,10082,27,0,8.014999999999874,8
294,-93.00099999999999,35,0.3593200000000001,0.7415858639611138,10117,27,6,8.000999999999888,8
295,-3.0130000000000194,35,0.35710333333333344,0.7153913709852431,10152,27,0,8.012999999999876,8
296,-48.014999999999986,36,0.3548233333333334,0.6069301399919722,10188,27,3,8.014999999999873,8
297,26.983999999999988,39,0.3523533333333334,0.7771573331620958,10227,30,1,8.01599999999987,8
298,6.519999999999925,38,0.34994666666666663,0.6655300498008728,10265,30,2,7.9799999999998645,8
299,-120.00799999999998,30,0.3480466666666667,0.6307001880237034,10295,22,2,8.007999999999875,8
300,-63.010999999999974,34,0.3458933333333334,0.644271045923233,10329,26,3,8.010999999999864,8
301,11.972999999999985,36,0.34361333333333344,0.5872203045421176,10365,28,0,8.026999999999903,8
302,-2.9919999999998765,35,0.3413966666666667,0.6001970834202237,10400,27,0,7.991999999999877,8
303,12.06199999999987,36,0.33911666666666673,0.5646485355165269,10436,28,0,7.937999999999888,8
304,-137.98899999999998,34,0.3369633333333334,0.6517162397503853,10470,25,7,7.98899999999987,8
305,-68.22699999999998,36,0.33468333333333333,0.6535583337148031,10506,28,5,8.026999999999873,8
306,-33.029999999999916,34,0.33253,0.6120761467350854,10540,26,1,8.029999999999896,8
307,-63.013,33,0.33044000000000007,0.5599126294255257,10573,25,2,8.012999999999868,8
308,-78.01500000000004,31,0.32847666666666675,0.5619418248534203,10604,23,1,8.014999999999878,8
309,26.973000000000013,37,0.3261333333333333,0.6546792056825426,10641,29,0,8.02699999999991,8
310,-122.99800000000005,33,0.32404333333333335,0.6407327987253666,10674,25,6,7.997999999999873,8
311,-48.01599999999999,35,0.3218266666666667,0.6503130495548248,10709,27,3,8.015999999999874,8
312,-32.99699999999996,34,0.31967333333333336,0.6525831073522568,10743,26,1,7.996999999999903,8
313,-18.014999999999986,34,0.31752,0.6165336569150289,10777,26,0,8.014999999999866,8
314,-107.93199999999996,29,0.3156833333333333,0.6661416121891567,10806,21,1,7.931999999999875,8
315,-18.025999999999982,34,0.31353,0.5611283911599053,10840,26,0,8.025999999999891,8
316,-3.0250000000000625,35,0.31131333333333333,0.5381236709654331,10875,27,0,8.024999999999872,8
317,-32.99200000000005,35,0.3090966666666668,0.6263020634651184,10910,26,1,7.991999999999875,8
318,-78.00400000000008,32,0.30706999999999995,0.6240669451653957,10942,24,2,8.003999999999873,8
319,-123.01200000000006,34,0.3049166666666667,0.6606154011355506,10976,26,7,8.011999999999876,8
320,26.991999999999955,39,0.30244666666666675,0.8487090071042379,11015,30,1,8.00799999999987,8
321,-47.99199999999996,33,0.3003566666666666,0.8134995301564535,11048,25,1,7.9919999999998765,8
322,21.860000000000028,39,0.29788666666666674,0.6973297794659933,11087,31,2,8.039999999999866,8
323,-48.00399999999996,32,0.29586,0.7781229689717293,11119,24,0,8.003999999999873,8
324,-33.00300000000008,35,0.29364333333333337,0.7073687248759799,11154,26,1,8.002999999999874,8
325,11.98699999999991,36,0.2913633333333333,0.6637016700373756,11190,28,0,8.012999999999883,8
326,41.96599999999992,38,0.28895666666666675,0.6033287584781647,11228,30,0,8.033999999999876,8
327,-68.0700000000001,31,0.2869933333333333,0.5464494058064052,11259,23,0,7.9699999999998745,8
328,11.98099999999993,36,0.2847133333333334,0.6003523137834337,11295,28,0,8.01899999999988,8
329,-18.016000000000048,36,0.2824333333333334,0.6943275067541335,11331,27,1,8.015999999999906,8
330,-32.95700000000001,34,0.28028,0.6091674003336165,11365,26,1,7.956999999999912,8
331,-3.0130000000000905,36,0.278,0.6020059254434373,11401,28,1,8.012999999999872,8
332,36.375,38,0.27559333333333347,0.5350841681162516,11439,30,0,8.02499999999987,8
333,-197.99900000000008,36,0.2733133333333333,0.667297922902637,11475,24,10,7.998999999999874,8
334,-18.020999999999958,34,0.27116000000000007,0.6484554443094466,11509,26,0,8.020999999999873,8
335,-63.021000000000015,32,0.26913333333333334,0.5245302114635706,11541,24,1,8.0209999999999,8
336,-128.50700000000006,34,0.2669800000000001,0.6319703906774521,11575,24,5,8.00699999999987,8
337,-18.00999999999999,38,0.2645733333333333,0.6106673568487168,11613,29,3,8.009999999999874,8
338,-3.022000000000048,35,0.2623566666666667,0.550995366440879,11648,27,0,8.021999999999874,8
339,-3.0030000000000143,35,0.26014000000000004,0.6796481087803841,11683,27,0,8.002999999999947,8
340,-2.995999999999995,36,0.25786,0.6735816730393304,11719,28,1,7.9959999999998725,8
341,-48.007999999999925,33,0.25577000000000005,0.6625764966011047,11752,25,1,8.007999999999866,8
342,-2.9930000000000803,35,0.2535533333333334,0.6062894500792027,11787,27,0,7.992999999999877,8
343,41.981999999999964,38,0.25114666666666674,0.64632328748703,11825,30,0,8.017999999999867,8
344,-92.99300000000002,29,0.24931000000000003,0.5723264941147396,11854,21,0,7.992999999999872,8
345,-32.974999999999966,34,0.2471566666666667,0.5062824255890317,11888,26,1,7.974999999999873,8
346,-138.02000000000004,32,0.24513000000000007,0.6018633432686329,11920,23,5,8.019999999999868,8
347,-48.029000000000025,33,0.24304000000000003,0.5383742898702621,11953,25,1,8.028999999999872,8
348,-93.02199999999999,30,0.24114000000000013,0.6837475384984698,11983,22,1,8.021999999999878,8
349,-43.81900000000002,33,0.23904999999999998,0.8466180033153958,12016,25,0,7.918999999999877,8
350,-48.00000000000003,33,0.23696000000000006,0.9366428628563881,12049,25,1,7.999999999999925,8
351,-93.02600000000001,34,0.23480666666666672,0.6928327456116676,12083,26,5,8.025999999999886,8
352,-8.112000000000023,35,0.23259000000000007,0.7965504195955064,12118,27,0,8.011999999999874,8
353,-113.18299999999999,29,0.23075333333333337,0.6357384622097015,12147,21,1,7.982999999999874,8
354,56.95599999999993,39,0.2282833333333334,0.5828828006982804,12186,31,0,8.04399999999989,8
355,-3.0040000000000475,37,0.22594000000000003,0.6172573864459991,12223,28,1,8.003999999999882,8
356,-63.02700000000013,34,0.2237866666666667,0.7423908445570204,12257,25,2,8.026999999999864,8
357,-63.02199999999996,34,0.22163333333333335,0.5679213665425777,12291,26,3,8.021999999999883,8
358,-48.00999999999993,34,0.21948,0.573003179497189,12325,26,2,8.009999999999874,8
359,-47.90000000000003,32,0.2174533333333334,0.645669475197792,12357,24,0,7.899999999999875,8
360,-48.03100000000006,34,0.21530000000000005,0.6569053828716278,12391,26,2,8.030999999999873,8
361,-32.97900000000001,33,0.21321,0.6618928909301758,12424,25,0,7.9789999999999015,8
362,-18.005999999999972,34,0.21105666666666667,0.7611731626093388,12458,26,0,8.005999999999887,8
363,-47.992000000000075,33,0.20896666666666674,0.5922791212797165,12491,25,1,7.991999999999876,8
364,-98.21200000000005,31,0.20700333333333343,0.6164550594985485,12522,23,2,8.011999999999874,8
365,12.039999999999992,36,0.20472333333333337,0.5376946230729421,12558,28,0,7.959999999999876,8
366,71.97900000000004,42,0.20206333333333337,0.5963927073912187,12600,33,1,8.020999999999878,8
367,-18.03099999999992,34,0.19991000000000003,0.5908586420118809,12634,26,0,8.03099999999987,8
368,-17.994000000000028,34,0.1977566666666667,0.6452989280223846,12668,26,0,7.993999999999876,8
369,-33.01800000000003,34,0.19560333333333335,0.6071376837790012,12702,26,1,8.01799999999988,8
370,-33.02400000000004,34,0.19345,0.6756551861763,12736,26,1,8.023999999999871,8
371,-33.025000000000006,36,0.19116999999999995,0.6392612722184923,12772,27,2,8.02499999999986,8
372,26.970000000000034,37,0.1888266666666667,0.6926038795047336,12809,29,0,8.029999999999887,8
373,-33.01699999999991,33,0.18673666666666677,0.7761760130524635,12842,25,0,8.016999999999898,8
374,11.97500000000008,36,0.1844566666666667,0.6963932613531748,12878,28,0,8.0249999999999,8
375,12.05299999999994,36,0.18217666666666665,0.6176696485943265,12914,28,0,7.946999999999911,8
376,-138.01199999999997,35,0.17996000000000012,0.6548203958405389,12949,23,5,8.011999999999865,8
377,-153.031,34,0.17780666666666667,0.5902367457747459,12983,23,6,8.030999999999866,8
378,-69.20999999999995,31,0.17584333333333335,0.7609777487814426,13014,23,0,8.009999999999875,8
379,-63.01100000000001,36,0.1735633333333334,0.8633336358600192,13050,26,3,8.010999999999859,8
380,-53.12600000000003,32,0.17153666666666667,0.6838032528758049,13082,24,0,8.025999999999875,8
381,-18.027000000000044,35,0.16932000000000003,0.6602576772371928,13117,27,1,8.026999999999873,8
382,-78.013,36,0.16703999999999997,0.6371930970085992,13153,28,6,8.012999999999867,8
383,-33.00200000000008,34,0.16488666666666674,0.6020611226558685,13187,26,1,8.001999999999867,8
384,-17.999000000000024,35,0.1626700000000001,0.5681363741556803,13222,27,1,7.9989999999998735,8
385,-168.03700000000003,37,0.16032666666666673,0.5048017104466757,13259,24,8,8.036999999999864,8
386,-3.011000000000081,35,0.15811000000000008,0.5238798211018244,13294,27,0,8.010999999999871,8
387,-128.32599999999996,33,0.15602000000000005,0.560589112341404,13327,23,4,8.025999999999865,8
388,-98.798,30,0.15412000000000003,0.6926200352609158,13357,22,1,7.997999999999871,8
389,-33.00400000000007,35,0.15190333333333328,0.5564245879650116,13392,27,2,8.003999999999857,8
390,-3.031999999999954,35,0.14968666666666675,0.6134165599942207,13427,27,0,8.03199999999988,8
391,-44.728000000000094,35,0.1474700000000001,0.7486307753456963,13462,27,2,8.027999999999874,8
392,-33.01199999999996,34,0.14531666666666676,0.637980686293708,13496,26,1,8.011999999999876,8
393,-18.0,34,0.1431633333333333,0.6529074274003506,13530,26,0,7.999999999999873,8
394,-63.00300000000004,31,0.1412,0.583802230656147,13561,23,0,8.002999999999883,8
395,-18.021000000000086,37,0.13885666666666674,0.5661119090186225,13598,29,3,8.0209999999999,8
396,-2.995000000000033,35,0.13663999999999998,0.6065295272403293,13633,27,0,7.994999999999935,8
397,-63.02599999999998,31,0.13467666666666667,0.5793837271630764,13664,23,0,8.02599999999987,8
398,-3.0250000000000057,35,0.13246000000000002,0.5967250317335129,13699,27,0,8.024999999999864,8
399,-63.01000000000002,32,0.1304333333333334,0.537715956568718,13731,24,1,8.009999999999868,8
400,-3.0169999999999817,36,0.12815333333333345,0.5635485582881503,13767,28,1,8.016999999999895,8
401,-63.01900000000006,31,0.12619000000000014,0.5393019951879978,13798,23,0,8.018999999999885,8
402,-63.0,31,0.12422666666666671,0.6876859851181507,13829,23,0,7.9999999999998614,8
403,-63.02300000000001,36,0.12194666666666665,0.5634420480993059,13865,27,4,8.022999999999858,8
404,-33.031999999999954,33,0.11985666666666672,0.5947958678007126,13898,25,0,8.031999999999869,8
405,41.965,38,0.11744999999999994,0.5891488432884217,13936,30,0,8.034999999999888,8
406,-78.02400000000006,34,0.11529666666666671,0.5788837298750877,13970,26,4,8.023999999999859,8
407,-18.030999999999892,34,0.11314333333333337,0.5904157592190636,14004,26,0,8.030999999999878,8
408,-33.043000000000006,34,0.11099000000000003,0.8856418058276176,14038,26,1,8.042999999999873,8
409,-113.17300000000003,36,0.10870999999999997,0.6021883918179406,14074,26,6,7.972999999999867,8
410,-78.03099999999998,34,0.10655666666666674,0.6394982404179044,14108,25,3,8.03099999999992,8
411,-68.202,31,0.10459333333333343,0.5163211524486542,14139,23,0,8.001999999999878,8
412,-8.283000000000044,35,0.10237666666666678,0.6009557214048173,14174,27,0,7.982999999999888,8
413,-63.039,34,0.10022333333333333,0.5843459831343757,14208,26,3,8.038999999999874,8
414,15.124000000000038,37,0.09788000000000008,0.5695616967148251,14245,29,0,7.975999999999874,8
415,-78.02199999999996,32,0.09585333333333335,0.6533422470092773,14277,24,2,8.021999999999872,8
416,-98.21899999999994,34,0.09370000000000012,0.6296368688344955,14311,25,4,8.018999999999872,8
417,-77.97800000000001,33,0.09160999999999997,0.6941662165853713,14344,25,3,7.977999999999874,8
418,-18.031999999999982,35,0.08939333333333332,0.6643575578927994,14379,27,1,8.031999999999876,8
419,-47.96100000000001,35,0.08717666666666668,0.6355372567971548,14414,27,3,7.960999999999862,8
420,-123.0029999999999,31,0.08521333333333336,0.5961733981966972,14445,23,4,8.002999999999872,8
421,-3.0050000000000736,37,0.08287,0.5922240283754137,14482,29,2,8.00499999999987,8
422,-48.003000000000014,34,0.08071666666666666,0.5911585854159461,14516,26,2,8.002999999999874,8
423,-168.03400000000005,35,0.07850000000000001,0.5887883193790913,14551,24,8,8.033999999999867,8
424,-108.02599999999998,30,0.07660000000000011,0.6044559739530087,14581,22,2,8.025999999999868,8
425,-77.9970000000001,32,0.07457333333333338,0.5343056879937649,14613,24,2,7.996999999999873,8
426,-48.033000000000015,34,0.07242000000000004,0.6113237701356411,14647,26,2,8.032999999999877,8
427,56.97999999999994,40,0.06988666666666676,0.5643683910369873,14687,32,1,8.019999999999872,8
428,-47.926999999999964,35,0.06767000000000001,0.6954288482666016,14722,27,3,7.9269999999998735,8
429,-18.014999999999986,34,0.06551666666666667,0.7292788889673021,14756,26,0,8.014999999999871,8
430,-33.007000000000055,34,0.06336333333333333,0.5627651121467352,14790,26,1,8.006999999999865,8
431,-33.00800000000007,35,0.061146666666666794,0.5598020454247793,14825,27,2,8.007999999999878,8
432,-78.02200000000005,36,0.058866666666666734,0.614296899901496,14861,27,5,8.021999999999887,8
433,-77.98899999999998,33,0.0567766666666667,0.6190108396112919,14894,25,3,7.988999999999865,8
434,-93.00500000000005,33,0.05468666666666677,0.5052301473915577,14927,25,4,8.004999999999875,8
435,-60.30400000000003,33,0.052596666666666736,0.6352125373151567,14960,25,1,8.003999999999886,8
436,-17.914000000000044,37,0.05025333333333337,0.5797114471594492,14997,29,3,7.913999999999856,8
437,-105.10700000000006,32,0.05,1.0317982509732246,15029,24,3,8.006999999999874,8
438,41.98200000000004,38,0.05,0.6964030596945021,15067,30,0,8.017999999999882,8
439,26.981000000000023,37,0.05,0.7311329454183578,15104,29,0,8.018999999999899,8
440,-48.022000000000055,34,0.05,0.7037832140922546,15138,26,2,8.021999999999867,8
441,-33.027000000000015,34,0.05,0.5507759054501852,15172,26,1,8.026999999999871,8
442,-33.002000000000066,35,0.05,0.7036683410406113,15207,27,2,8.001999999999919,8
443,-33.03299999999996,33,0.05,0.6105524102846781,15240,25,0,8.032999999999886,8
444,-3.0209999999999297,36,0.05,0.7127899395094978,15276,28,1,8.02099999999989,8
445,-53.22400000000002,35,0.05,0.5786345154047012,15311,27,3,8.02399999999987,8
446,-78.02300000000005,38,0.05,0.6152374118566513,15349,30,8,8.022999999999895,8
447,-38.29399999999991,36,0.05,0.6176486379570432,15385,28,3,7.993999999999871,8
448,-47.894000000000034,35,0.05,0.5353693399164412,15420,26,2,7.89399999999987,8
449,-32.9850000000001,33,0.05,0.6247353032231331,15453,25,0,7.9849999999999,8
450,-48.021000000000086,33,0.05,0.6020510643720627,15486,25,1,8.020999999999907,8
451,-63.012,33,0.05,0.6077999956905842,15519,25,2,8.011999999999873,8
452,20.779999999999973,37,0.05,0.7139492332935333,15556,29,0,8.01999999999989,8
453,-48.036,33,0.05,0.6111179888248444,15589,25,1,8.035999999999875,8
454,-33.028999999999996,35,0.05,0.6093867156240675,15624,27,2,8.028999999999874,8
455,-70.21199999999999,33,0.05,0.552476242184639,15657,25,2,8.01199999999991,8
456,-47.963999999999984,34,0.05,0.552591647952795,15691,26,2,7.963999999999902,8
457,11.949999999999932,38,0.05,0.5412084206938743,15729,29,1,8.04999999999989,8
458,11.966999999999956,36,0.05,0.5144887930817075,15765,28,0,8.032999999999896,8
459,11.96199999999996,37,0.05,0.5650926927725474,15802,29,1,8.03799999999987,8
460,-78.01400000000005,32,0.05,0.5730408802628517,15834,24,2,8.013999999999873,8
461,27.061000000000064,38,0.05,0.6174575001001358,15872,30,1,7.938999999999875,8
462,-54.28099999999999,34,0.05,0.5250734947621822,15906,26,2,7.980999999999862,8
463,-213.011,32,0.05,0.5523762665688992,15938,22,9,8.010999999999862,8
464,-63.00100000000003,31,0.05,0.5464937426149845,15969,23,0,8.000999999999872,8
465,-183.025,35,0.05,0.6642551819483439,16004,26,11,8.024999999999869,8
466,-32.991000000000014,37,0.05,0.7635789712270101,16041,28,3,7.9909999999999215,8
467,-17.958999999999904,37,0.05,0.687952395942476,16078,29,3,7.958999999999876,8
468,-152.99399999999997,34,0.05,0.6919803818066915,16112,26,9,7.993999999999868,8
469,-47.99699999999997,33,0.05,0.6223229765892029,16145,25,1,7.996999999999874,8
470,-48.017000000000024,34,0.05,0.48494717106223106,16179,25,1,8.016999999999893,8
471,-33.01300000000009,34,0.05,0.5501560899946425,16213,26,1,8.012999999999872,8
472,-3.0110000000000525,36,0.05,0.5609752866956923,16249,28,1,8.010999999999877,8
473,-83.34100000000012,33,0.05,0.5049165412783623,16282,24,2,7.9409999999998755,8
474,11.98099999999998,36,0.05,0.5556777914365133,16318,28,0,8.018999999999872,8
475,41.974000000000075,38,0.05,0.6554525256156921,16356,30,0,8.02599999999988,8
476,-18.026999999999987,36,0.05,0.5435878237088522,16392,27,1,8.026999999999886,8
477,-78.0270000000001,31,0.05,0.6159244052001408,16423,23,1,8.026999999999873,8
478,11.990000000000009,36,0.05,0.6060020195113288,16459,28,0,8.00999999999988,8
479,-63.029000000000025,33,0.05,0.6175074809127383,16492,25,2,8.028999999999904,8
480,-33.00999999999995,33,0.05,0.8030300885438919,16525,25,0,8.009999999999893,8
481,11.967000000000013,36,0.05,0.6071289711528354,16561,28,0,8.03299999999988,8
482,-48.005999999999986,34,0.05,0.6604355722665787,16595,26,2,8.00599999999987,8
483,-17.96899999999998,37,0.05,0.6329786121845246,16632,29,3,7.968999999999872,8
484,-48.006000000000085,32,0.05,0.7983478978276253,16664,24,0,8.005999999999872,8
485,-168.03100000000003,34,0.05,0.7358551844954491,16698,26,10,8.030999999999862,8
486,-63.013,34,0.05,0.6028617686695523,16732,26,3,8.012999999999863,8
487,-68.11399999999995,35,0.05,0.5970296487212181,16767,27,4,8.013999999999893,8
488,-78.01000000000005,30,0.05,0.6596674472093582,16797,22,0,8.00999999999987,8
489,-108.02000000000004,34,0.05,0.5247722864151001,16831,26,6,8.019999999999868,8
490,-38.19299999999999,33,0.05,0.5599771539370219,16864,25,0,7.99299999999991,8
491,-33.01800000000003,33,0.05,0.5518012084066868,16897,25,0,8.017999999999878,8
492,11.969999999999914,38,0.05,0.5882454050911797,16935,29,1,8.029999999999873,8
493,-32.98700000000004,35,0.05,0.5333445635106828,16970,26,1,7.986999999999861,8
494,-18.029000000000025,35,0.05,0.6421100298563639,17005,27,1,8.02899999999992,8
495,-33.00400000000006,34,0.05,0.8269615694880486,17039,26,1,8.003999999999888,8
496,-3.0109999999999957,35,0.05,0.7190170321199629,17074,27,0,8.010999999999886,8
497,-78.01299999999998,32,0.05,0.5495314970612526,17106,24,2,8.012999999999874,8
498,-78.03800000000001,31,0.05,0.5983440466225147,17137,23,1,8.037999999999862,8
499,-108.02500000000006,32,0.05,0.6904527544975281,17169,24,4,8.02499999999987,8
